"lfp","k5","k618","age","wc","hc","lwg","inc"
"yes",1,0,32,"no","no",1.2101647,10.9100008
"yes",0,2,30,"no","no",0.3285041,19.5
"yes",1,3,35,"no","no",1.5141279,12.039999
"yes",0,3,34,"no","no",0.0921151,6.8000002
"yes",1,2,31,"yes","no",1.5242802,20.1000004
"yes",0,0,54,"no","no",1.5564855,9.8590002
"yes",0,2,37,"yes","no",2.1202636,9.1520004
"yes",0,0,54,"no","no",2.0596387,10.9000006
"yes",0,2,48,"no","no",0.7543364,17.3050003
"yes",0,2,39,"no","no",1.5448993,12.9250002
"yes",0,1,33,"no","no",1.4019157,24.3000011
"yes",0,1,42,"no","yes",1.5242802,19.6999989
"yes",1,2,30,"no","yes",0.733969,15
"yes",0,2,43,"no","no",0.8183691,14.6000004
"yes",0,1,43,"no","yes",1.3028187,24.6310005
"yes",0,3,35,"no","no",0.2980447,17.5310001
"yes",0,2,43,"no","no",1.1676053,14.0999994
"yes",0,5,39,"no","no",1.6438394,15.8389997
"yes",0,0,45,"no","no",0.6931472,14.1000004
"yes",0,4,35,"no","no",2.0219276,10.3000002
"yes",0,2,42,"yes","yes",1.2542453,22.6549988
"yes",0,0,30,"no","no",1.2729658,8.0899992
"yes",0,0,48,"yes","yes",1.178655,17.4790001
"yes",0,0,45,"no","yes",1.178655,9.5600004
"yes",1,1,31,"no","no",0.7675475,8.2749996
"yes",0,2,43,"yes","yes",1.3318062,27.3500004
"yes",0,0,59,"no","yes",1.3862944,16
"yes",0,3,32,"no","yes",1.5532677,17
"yes",1,0,31,"yes","yes",1.98182,15.0999994
"yes",0,0,42,"no","no",1.7693523,15.6999998
"yes",0,0,50,"no","no",0.4307832,5.1189995
"yes",0,0,59,"yes","yes",0.8997613,16.75
"yes",0,2,36,"yes","yes",1.7666236,13.5999994
"yes",0,1,51,"no","no",1.2729658,17.0999985
"yes",0,3,45,"yes","yes",1.3367952,16.7339993
"yes",0,1,42,"no","no",0.9016919,14.1970005
"yes",0,0,46,"no","yes",0.8651225,10.3199997
"yes",0,1,46,"no","no",1.5118575,11.3840008
"yes",0,0,51,"yes","no",1.7260362,14.5939999
"yes",0,0,30,"yes","yes",2.6831658,17.4999962
"yes",1,2,30,"no","yes",0.9852834,15.5100002
"yes",0,0,57,"no","no",1.3659317,22
"yes",1,2,31,"yes","yes",0.9450333,22.5
"yes",0,2,48,"no","no",1.5123762,19.9939995
"yes",0,3,30,"no","no",0.6931472,14.1300001
"yes",0,2,34,"no","no",1.2447947,5
"yes",0,2,48,"yes","yes",0.7011407,21.1549988
"yes",0,0,45,"no","no",1.5198573,7.1419997
"yes",0,0,51,"no","yes",0.8209804,16.6500015
"yes",0,2,30,"no","no",0.9698315,6.3519998
"yes",0,1,46,"no","no",0.8284885,27.3139992
"yes",0,0,58,"no","no",0.0943106,14.5
"yes",0,8,37,"no","no",0.1625193,16.2579994
"yes",0,0,52,"no","no",0.4700036,9.5
"yes",0,0,52,"no","no",0.6292341,7.9999995
"yes",0,0,31,"yes","yes",1.3971641,12.5
"yes",0,0,55,"yes","yes",2.2654455,13.999999
"yes",0,0,34,"yes","yes",2.0845456,20.7999992
"yes",0,0,55,"yes","yes",1.5258496,19.3849983
"yes",0,2,39,"no","no",0.76214,12.3870001
"yes",0,3,40,"yes","yes",1.4816046,28.5
"yes",0,4,43,"no","no",1.2628131,15.0500011
"yes",0,0,48,"no","no",0.9996722,10.500001
"yes",0,0,47,"no","no",1.8325815,11.8100004
"yes",0,4,41,"no","no",2.479322,6.9500017
"yes",0,0,36,"no","no",1.2790111,12.4200001
"yes",0,2,46,"yes","yes",1.937942,17.3999996
"yes",0,0,34,"no","no",1.0704415,15.5
"yes",0,3,41,"no","no",1.1239301,21.217001
"yes",0,1,51,"no","no",1.3217559,18
"yes",0,0,33,"no","yes",1.7449915,11.9000006
"yes",0,0,52,"no","no",1.3017371,26.7519989
"yes",0,0,58,"no","no",1.6418628,12.1499996
"yes",2,4,34,"no","no",2.1070182,10.1999998
"yes",0,1,31,"no","no",1.4670708,8.1199989
"yes",0,1,48,"no","no",1.6058081,10.6599998
"yes",0,2,32,"no","no",-1.0296193,18.1000004
"yes",0,0,49,"yes","yes",1.0876724,8.6000004
"yes",2,2,32,"yes","yes",0,13.665
"yes",0,0,58,"no","yes",0.9381955,32.3499985
"yes",0,0,50,"no","no",-0.1505728,12.085
"yes",0,0,60,"yes","no",0,12.1499996
"yes",0,1,50,"no","no",1.0736742,17.6949997
"yes",0,0,56,"yes","yes",1.2658482,24.7000008
"yes",0,0,51,"no","no",0.4863622,2.1339998
"yes",0,1,54,"yes","yes",2.1202636,20.9500008
"yes",0,0,59,"yes","yes",1.1298648,10.5
"yes",0,2,46,"no","no",0.9932518,10.5500002
"yes",0,1,46,"yes","yes",1.6586282,45.75
"yes",1,3,39,"no","no",0.347432,13.632
"yes",0,2,44,"no","yes",1.5683184,18.2389984
"yes",2,0,33,"no","no",0.5108258,17.0900002
"yes",1,2,33,"no","yes",0.114816,30.2349987
"yes",0,2,48,"no","no",-0.6931472,28.7000008
"yes",0,4,31,"no","yes",-0.3364723,19.6299992
"yes",0,1,45,"no","no",1.0282087,12.8249998
"yes",0,1,45,"no","no",1.5806886,23.7999992
"yes",0,2,32,"yes","yes",0.5559003,26.3000011
"yes",0,0,47,"no","yes",0.901402,20.7000008
"yes",0,2,34,"yes","yes",0.8843079,26
"yes",0,1,37,"no","no",0.4282221,10.8769999
"yes",0,1,36,"no","no",1.0584304,25.6120014
"yes",1,2,47,"no","yes",0.8783384,20.9889984
"yes",0,1,48,"yes","yes",1.6549002,70.75
"yes",0,2,42,"no","no",1.3217559,17.0499992
"yes",0,3,33,"yes","yes",0.3285041,21
"yes",0,0,46,"no","no",1.3862944,8.1199999
"yes",0,3,47,"no","yes",1.1728821,20.8859997
"yes",0,1,44,"no","no",1.2241757,17.6689987
"yes",0,4,36,"no","yes",0.2876818,25.2000008
"yes",2,0,31,"yes","yes",2.2302644,14.2449999
"yes",0,0,55,"yes","yes",1.5040774,14.3000002
"yes",0,1,45,"yes","yes",1.5311551,23.6999989
"yes",0,0,47,"yes","yes",1.3751566,46
"yes",0,3,46,"no","no",1.7602607,43
"yes",0,0,49,"no","no",-0.6931472,14.7489996
"yes",0,0,49,"no","yes",1.4064971,16.1499996
"yes",0,2,45,"no","no",1.7917595,17.7740002
"yes",1,3,38,"yes","yes",1.299283,91
"yes",0,0,47,"no","no",1.3509928,22.2999992
"yes",0,3,54,"yes","yes",1.0162892,34.5999985
"yes",0,0,41,"no","no",1.075344,9.6199999
"yes",0,2,43,"no","yes",1.4789581,10.8999996
"yes",1,1,31,"yes","no",1.6894807,14.499999
"yes",0,0,47,"yes","no",2.2885988,22
"yes",0,2,35,"no","no",-1.8225309,17.8999996
"yes",0,3,45,"yes","yes",-0.9606265,23.6749992
"yes",1,0,33,"no","no",1.2909843,11.7999992
"yes",0,1,54,"yes","no",0.8648585,16.1420002
"yes",0,4,35,"no","no",1.5404451,18.3999996
"yes",1,2,31,"no","no",0.6161863,15.5
"yes",0,0,55,"no","no",1.6486586,17.3239994
"yes",0,2,34,"no","no",1.1935015,19.2049999
"yes",0,1,38,"yes","no",2.14398,21.2999992
"yes",0,1,45,"no","no",0.7243997,23.5599995
"yes",0,1,47,"no","no",0.9416087,20.8500004
"yes",0,2,39,"no","no",0.7827594,26.1499996
"yes",1,0,36,"yes","yes",1.8325815,17
"yes",1,2,33,"no","yes",1.2039727,20.7199993
"yes",0,0,50,"no","yes",1.491655,16.9999981
"yes",0,0,58,"no","yes",1.8921324,16
"yes",0,0,49,"yes","yes",2.1308968,19.5
"yes",0,2,41,"yes","yes",1.4806052,11.999999
"yes",0,1,51,"no","no",0.8943118,13.7320004
"yes",0,0,53,"no","no",0.2025245,27.1999989
"yes",1,2,36,"no","no",0.4855078,5.3150001
"yes",0,2,46,"no","no",1.0986123,16
"yes",0,2,36,"no","no",1.5532677,27.8719997
"yes",0,1,53,"yes","yes",0.1216024,40
"yes",0,3,40,"yes","yes",2.0018072,15.9000006
"yes",0,2,42,"yes","yes",1.4950274,27.5
"yes",1,1,33,"yes","yes",0.9052411,17.0199986
"yes",0,3,43,"no","yes",0.6325226,22.3950005
"yes",1,0,31,"yes","yes",1.3862944,11.1000004
"yes",0,0,47,"yes","yes",2.1029148,32.7000008
"yes",0,0,54,"yes","yes",1.9596404,27.7999992
"yes",1,3,33,"no","no",0.5108258,2.2
"yes",0,0,43,"yes","yes",1.236917,19.7210007
"yes",0,1,46,"yes","yes",1.4433111,10
"yes",0,3,35,"no","no",1.0216513,13.1999998
"yes",0,3,37,"no","no",0.636137,12.7089996
"yes",0,2,37,"yes","yes",1.6164626,27.2999992
"yes",0,3,34,"yes","yes",0.2231435,21.2000008
"yes",1,0,43,"yes","yes",1.0498221,14.3999996
"yes",0,0,46,"no","no",1.4150438,20.5760002
"yes",0,3,35,"no","no",0.5753643,12.5
"yes",0,0,46,"yes","yes",2.606698,17.4999962
"yes",0,0,46,"yes","yes",1.5179226,44
"yes",0,2,43,"no","no",0.7550228,13.1189995
"yes",0,0,30,"no","no",1.0949824,14.000001
"yes",0,2,41,"no","no",0.9421319,9.6450005
"yes",0,1,54,"no","yes",1.7249508,17.3969994
"yes",0,1,31,"no","no",1.0315291,7.7999997
"yes",0,0,44,"no","no",0.474356,13.1339998
"yes",0,1,32,"no","yes",0.8109302,25.6000004
"yes",0,0,47,"no","no",0.7092764,13.9000006
"yes",0,1,46,"yes","yes",1.7105405,19.2980003
"yes",0,0,37,"no","no",0.4602733,9.1999998
"yes",0,2,51,"no","no",1.3318062,38
"yes",0,1,49,"no","no",1.0986123,44
"yes",0,4,36,"yes","yes",2.1580038,21.3719997
"yes",0,1,39,"no","no",1.4375876,23.6680012
"yes",0,2,48,"no","no",1.5448993,9
"yes",0,2,38,"yes","yes",1.4105872,25.1999989
"yes",0,2,40,"no","no",3.2188759,21.2199993
"yes",1,5,39,"no","yes",0.9681486,33.9699974
"yes",0,0,37,"yes","yes",1.7917595,17.0699997
"yes",0,1,49,"yes","no",1.6887316,6.0160012
"yes",0,3,33,"no","yes",-0.409162,17.1000004
"yes",0,0,30,"no","yes",0.2231435,8.2370005
"yes",0,0,54,"no","no",0.8221774,13.3000002
"yes",0,4,39,"no","no",1.2417133,16
"yes",0,3,43,"no","no",1.4271164,12.54
"yes",0,3,31,"no","no",1.4971018,18
"yes",0,3,33,"yes","yes",0.5596158,31.2000008
"yes",0,3,40,"no","yes",1.3000159,20.75
"yes",0,1,36,"no","no",1.8844231,11.1000004
"yes",0,0,51,"no","no",0.9555114,20.6800003
"yes",0,1,44,"yes","no",1.5820881,18
"yes",0,3,42,"yes","yes",1.7556204,32.4300003
"yes",0,1,40,"no","no",1.5131067,32.9000015
"yes",1,1,34,"yes","yes",2.2518919,24.1000004
"yes",0,0,30,"yes","yes",2.3644607,17.7999973
"yes",0,0,54,"no","no",0.1053605,20.5
"yes",0,0,51,"no","no",1.3997173,10.500001
"yes",0,2,44,"no","no",0.9884722,10.4369993
"yes",0,1,43,"no","no",1.0906444,18.1949997
"yes",0,1,34,"no","no",1.1546267,12.8450012
"yes",0,0,45,"yes","no",1.2669476,13.8000002
"yes",0,0,39,"no","no",2.8851907,22.1999989
"yes",0,0,50,"no","no",1.2288704,6.6999998
"yes",0,0,52,"no","no",1.2039727,6.25
"yes",0,2,41,"no","no",1.3573829,15.6000004
"yes",0,0,59,"no","no",0.8377283,3.3000002
"yes",0,0,52,"no","no",0.5369517,3.6710005
"yes",0,0,46,"yes","no",0.7487171,7.79
"yes",1,5,41,"no","yes",2.2958679,18.2719994
"yes",0,2,33,"no","no",1.1077996,10.9540005
"yes",0,0,45,"no","no",0.6208265,13.5
"yes",1,2,36,"no","no",-2.0541239,11.1999998
"yes",0,1,48,"no","no",1.892005,21
"yes",0,1,47,"no","no",1.7297242,25.6999989
"yes",0,0,45,"no","no",0.469369,8.9329996
"yes",0,2,37,"no","yes",0.9808294,19.1599998
"yes",0,4,46,"yes","yes",2.0694911,26.5900002
"yes",0,3,43,"yes","yes",1.6751894,22.3999996
"yes",0,2,42,"no","yes",1.3862944,20.6329994
"yes",1,2,34,"yes","yes",1.7992158,28.1999989
"yes",0,0,52,"no","no",1.8325815,28.7999992
"yes",0,3,37,"no","no",1.0906444,9
"yes",0,1,37,"no","no",1.4431167,11.3999996
"yes",0,0,52,"no","no",1.2503659,10.3999996
"yes",1,0,30,"no","yes",1.6023204,19.0799999
"yes",0,1,31,"yes","no",1.0185697,9.4659996
"yes",0,1,38,"no","no",1.2970634,6.4999995
"yes",0,3,43,"no","yes",1.6851965,29.1170006
"yes",0,1,49,"no","no",-0.4209214,19.1030006
"yes",0,0,55,"no","no",1.5620917,16.3500004
"yes",0,2,38,"yes","yes",2.1465313,32.0250015
"yes",0,0,52,"yes","yes",2.3474667,16.6999931
"yes",0,0,48,"no","no",0.9698421,4.8110003
"yes",0,2,32,"yes","no",1.9241487,24.6259995
"yes",0,1,32,"no","yes",1.6267294,17.3999996
"yes",0,2,38,"no","yes",-0.039221,13.0249996
"yes",0,3,46,"no","no",1.4601418,19.007
"yes",0,3,40,"no","no",1.9553889,14.0299997
"yes",0,4,31,"no","no",0.9263413,14.8999987
"yes",0,1,43,"no","no",2.0661962,25
"yes",0,0,51,"no","no",1.4228519,10.7000008
"yes",1,0,30,"yes","yes",2.1010323,24.25
"yes",0,0,52,"yes","yes",2.2614579,39.1399994
"yes",1,5,30,"no","no",0.7013053,7.2000003
"yes",0,0,51,"yes","yes",2.0310118,31.8110008
"yes",0,2,31,"yes","no",1.1623771,9.999999
"yes",0,4,34,"no","no",0.4700036,20.6599998
"yes",0,0,49,"no","yes",1.4105872,13.5
"yes",1,3,35,"yes","yes",0.3930422,25.3800011
"yes",1,0,53,"no","no",1.2909843,18.2749996
"yes",0,3,32,"no","yes",0,39.2130013
"yes",0,3,38,"no","no",0.9571128,10.499999
"yes",0,0,54,"no","yes",0.5596158,34.8569984
"yes",0,1,47,"yes","no",1.5686159,28.5019989
"yes",0,1,45,"yes","yes",1.7101794,13
"yes",0,1,47,"yes","yes",1.4105872,41.3999977
"yes",0,0,59,"no","no",0.2231435,14.7799997
"yes",0,1,32,"no","no",0.5108258,15.0500002
"yes",0,1,45,"no","yes",1.332389,29.7000008
"yes",0,4,40,"no","no",0.8602011,16.1650009
"yes",0,2,47,"yes","no",2.3227875,25.2050037
"yes",1,2,36,"yes","yes",1.9195929,14.1999998
"yes",0,0,56,"yes","yes",1.9761044,18.1590004
"yes",0,1,41,"no","no",0.895445,28.9810009
"yes",0,3,48,"no","no",0.1812526,13.3920002
"yes",1,2,36,"no","no",0.4953217,9.1749992
"yes",0,0,41,"no","yes",0.5777649,27.0400009
"yes",0,0,41,"yes","no",1.0788095,13.1500015
"yes",0,3,36,"no","yes",1.6032073,16.3999996
"yes",0,3,37,"no","no",0.6208265,21.2999992
"yes",0,0,38,"no","no",2.0838959,17.2010002
"yes",0,2,43,"yes","no",1.3791769,8.5600004
"yes",0,0,54,"yes","yes",1.1123673,6.4910016
"yes",0,1,38,"no","no",1.0671136,12.5
"yes",1,0,30,"no","yes",1.1188148,27
"yes",0,0,49,"no","yes",1.5885466,53.5
"yes",0,1,45,"yes","no",1.3903024,52.5
"yes",0,0,51,"yes","yes",1.7147983,38.4000015
"yes",0,0,34,"no","no",0.2010386,13.8920002
"yes",0,2,34,"no","no",0.9872699,3.8999991
"yes",0,1,41,"no","yes",0.9834995,34.2000008
"yes",0,1,49,"no","yes",2.2331755,19.7000008
"yes",0,0,32,"no","yes",1.1436096,18.5
"yes",0,0,32,"yes","yes",-0.6113947,11
"yes",0,2,32,"yes","yes",2.1530533,43.2999992
"yes",0,0,47,"no","no",1.2998388,18.7600002
"yes",0,1,39,"no","no",0.8409411,4.8000007
"yes",0,0,49,"no","yes",1.0584848,21.5
"yes",0,3,37,"no","yes",1.1526461,28.0400009
"yes",0,0,59,"yes","yes",1.2935848,26
"yes",0,0,50,"no","no",1.8325815,27
"yes",0,1,32,"yes","yes",2.3271625,17.7999916
"yes",0,0,46,"no","yes",1.1661358,17.4019985
"yes",0,2,43,"yes","yes",2.0349898,19.3099995
"yes",0,3,37,"no","no",0.6792445,9.999999
"yes",0,2,32,"yes","yes",1.5471342,11.1799994
"yes",0,1,39,"no","yes",0.7529984,18.8570004
"yes",0,2,34,"yes","no",0.8472977,12.3000002
"yes",0,1,39,"no","no",0.8711449,13.6769991
"yes",0,3,45,"no","no",0.2282489,9.5600004
"yes",0,0,50,"no","no",0.0896122,24.5
"yes",0,1,40,"no","no",1.3217559,23.1499996
"yes",0,1,30,"no","no",1.1960874,15.5909996
"yes",0,0,57,"yes","yes",1.6361114,14.4210005
"yes",0,1,39,"no","no",1.892005,17.4549999
"yes",0,0,53,"no","no",1.5183107,9.8000011
"yes",0,1,48,"yes","yes",2.472122,17.574995
"yes",0,1,46,"yes","yes",1.3217559,16.5550003
"yes",0,0,47,"no","no",1.4736363,13.2950001
"yes",0,1,43,"no","no",1.3694872,11.8439999
"yes",0,0,47,"no","yes",1.2039727,46.6450005
"yes",0,1,47,"no","no",1.1987233,14.6999998
"yes",0,0,47,"no","no",1.2702223,26.0900002
"yes",0,0,46,"no","no",0.4700036,9.8999996
"yes",0,4,34,"no","no",0.7999901,9.0480003
"yes",0,0,48,"no","no",1.5659528,30.75
"yes",0,1,30,"no","no",1.7589697,8.5
"yes",0,1,51,"no","no",0.8580216,22.25
"yes",0,5,52,"no","yes",0.6931472,42.9099998
"yes",0,2,37,"no","yes",0.6418539,33.2999992
"yes",0,2,32,"no","no",1.6337306,13.8199997
"yes",0,2,36,"yes","yes",1.7037485,23.6000004
"yes",0,2,35,"no","yes",1.8440101,13
"yes",0,0,45,"yes","yes",1.9661129,20.75
"yes",0,0,56,"no","no",0.8649974,6.3000002
"yes",0,2,40,"no","no",0.9332882,7.7890005
"yes",1,2,45,"no","yes",0.7792501,10.4699993
"yes",0,2,32,"no","no",0.9555114,12
"yes",0,0,45,"no","no",1.3162353,16.9799995
"yes",0,2,40,"no","no",1.4759065,17.8999996
"yes",0,1,38,"no","no",1.4913896,15.5400009
"yes",0,4,49,"no","no",1.4557482,9.8839998
"yes",0,1,47,"yes","yes",0.5108258,28.6000004
"yes",0,0,52,"yes","no",1.1804423,17.6599998
"yes",0,1,34,"yes","yes",1.688481,26.0000019
"yes",0,2,44,"no","no",0.7907302,13.6020002
"yes",0,3,36,"yes","yes",1.4017986,15.8000002
"yes",0,0,50,"yes","yes",-0.433636,41.0999985
"yes",0,0,45,"no","no",1.683176,10.7749996
"yes",0,2,44,"yes","yes",-1.7664415,9
"yes",0,2,57,"no","no",3.155581,24.3990002
"yes",0,0,35,"yes","yes",2.2595255,37.2999992
"yes",0,0,46,"no","no",1.3069208,28
"yes",2,1,30,"yes","yes",0.7985076,13.6999998
"yes",0,3,42,"no","no",0.5590276,17.210001
"yes",0,1,34,"no","yes",0.1479199,14
"yes",0,2,45,"yes","yes",1.9444993,35.7550011
"yes",1,2,35,"yes","yes",1.3783262,23.5
"yes",0,0,40,"yes","yes",3.0647252,32
"yes",0,1,32,"no","yes",-0.7419373,17.1499996
"yes",0,0,54,"no","no",0.765718,20.25
"yes",0,3,38,"no","no",0.6193811,5.4860001
"yes",0,3,43,"no","no",1.4654578,25.0750008
"yes",0,0,54,"yes","no",2.1892564,18.2199993
"yes",0,3,39,"yes","yes",1.0216513,26
"yes",0,1,37,"no","yes",0.9770272,34.5
"yes",0,2,46,"no","no",0.9162908,12.3999996
"yes",0,0,56,"no","no",2.9050782,10.7869987
"yes",0,3,41,"no","no",-0.1996555,16.323
"yes",0,1,45,"yes","yes",0.6931472,30.5
"yes",0,1,44,"yes","yes",2.7333677,51.3000069
"yes",0,1,50,"yes","yes",1.868332,33.0499992
"yes",0,5,37,"yes","yes",2.1202636,34.75
"yes",0,1,44,"no","no",1.5151978,16.3999996
"yes",0,2,32,"yes","yes",0.9146253,19.7000008
"yes",1,1,34,"no","no",1.4995565,6.5999985
"yes",0,2,32,"no","no",0.8030804,9.0200005
"yes",0,3,37,"no","yes",0.7280345,10.3999996
"yes",0,1,44,"yes","no",0.5163968,14.5199995
"yes",0,2,34,"yes","no",1.2264457,17.2000008
"yes",1,3,33,"no","yes",0.9162908,43
"yes",0,3,43,"no","no",1.3764663,13.8720007
"yes",0,2,35,"yes","no",1.8289676,-0.029
"yes",0,1,43,"yes","yes",1.3682758,16.7700005
"yes",0,0,34,"no","no",1.0647107,7.7999997
"yes",0,3,36,"no","no",1.4064971,14.499999
"yes",0,2,41,"no","no",1.0473189,7.9000001
"yes",0,0,41,"yes","yes",1.9480944,79.8000031
"yes",0,3,35,"no","no",1.0779932,7.1759992
"yes",1,3,32,"no","no",0.6539265,17.507
"yes",0,0,30,"yes","yes",1.9278916,20.6000004
"yes",0,0,43,"no","no",1.3610165,18.5599995
"yes",0,0,54,"no","no",0.6931472,9.3000002
"yes",0,2,35,"yes","no",1.6046872,5.1200004
"yes",0,0,50,"no","yes",0.1839228,14.5
"yes",1,1,34,"yes","yes",3.1135154,19.7999992
"yes",0,0,52,"yes","no",1.926825,18.3000011
"yes",0,3,35,"yes","yes",1.2701128,34
"yes",0,0,55,"no","no",0.682676,11.6279993
"yes",0,0,35,"yes","yes",1.6810741,11.7999992
"yes",0,1,49,"yes","yes",0.556288,39.0999985
"yes",2,2,38,"yes","no",1.6282244,18.4300003
"yes",0,2,42,"yes","yes",0.9162908,21
"yes",0,1,48,"no","no",1.3415585,59
"yes",0,0,51,"yes","yes",0,25.2999992
"yes",0,2,43,"no","no",1.1222221,23.2490005
"yes",0,1,43,"no","no",0.5401976,24.9279995
"yes",0,1,38,"no","yes",1.3915043,14.7819996
"yes",0,1,44,"no","no",1.6971768,18.8999996
"yes",1,3,36,"no","no",3.2188759,21
"yes",0,0,38,"no","no",0.8711703,10
"yes",0,0,47,"no","no",1.1673195,29.3099995
"yes",0,2,34,"no","no",1.2169925,13.1400003
"yes",1,2,40,"yes","yes",0.5753643,25.0900002
"yes",0,1,31,"no","no",1.1516048,14.6000004
"yes",0,0,46,"no","no",0.9942524,1.1999998
"yes",0,3,36,"yes","yes",0.5263296,32
"yes",1,2,39,"yes","no",-1.5432981,16.1200008
"yes",0,2,36,"yes","no",1.9120456,26.5
"yes",0,4,37,"no","no",0.5543109,12.75
"yes",0,4,39,"no","no",0.9162908,12.8999996
"yes",1,3,36,"no","no",1.5009363,10.6999998
"yes",0,2,49,"no","yes",0.94469,14.434001
"yes",1,1,45,"no","no",1.2412686,23.7089996
"yes",2,0,32,"yes","yes",1.5649862,15.0999994
"yes",0,5,36,"no","no",0.8380113,18.2000008
"yes",0,1,40,"no","no",1.6688613,22.6410007
"yes",0,2,43,"yes","no",1.7694349,21.6400013
"yes",0,1,33,"no","no",1.2264457,24
"yes",0,1,30,"no","no",1.4064971,16
"no",0,1,49,"no","yes",0.868948,21.0249996
"no",2,0,30,"yes","yes",1.4018365,23.6000004
"no",1,0,30,"no","yes",1.1174339,22.7999992
"no",0,4,41,"no","yes",0.8318294,35.9099998
"no",0,1,45,"no","yes",1.1690733,21.7000008
"no",0,5,43,"no","yes",0.942697,21.823
"no",0,1,42,"yes","yes",1.2022138,31
"no",0,0,60,"no","no",1.0930369,15.3000002
"no",0,0,57,"no","no",1.0061998,12.9250002
"no",0,2,38,"no","no",0.711668,15.8299999
"no",0,0,56,"no","no",0.974076,30.2000008
"no",0,3,32,"no","no",1.0163747,16.6000004
"no",0,1,49,"no","no",0.3405683,11
"no",0,0,55,"no","no",0.9520319,15
"no",1,1,36,"no","yes",0.4209535,20.5279999
"no",0,3,44,"no","no",0.8524491,13.1260004
"no",0,1,44,"no","no",0.8281056,15.5500002
"no",1,2,35,"yes","yes",1.1201084,18.0100002
"no",2,3,44,"yes","no",1.2789059,18.8740005
"no",0,1,45,"no","no",0.9068115,24.7999992
"no",1,0,34,"no","no",0.8718655,17.5
"no",2,0,30,"yes","yes",1.7003706,16.1499996
"no",0,1,39,"no","no",0.7517971,15.1890001
"no",0,2,36,"no","yes",0.9234089,6
"no",0,2,38,"yes","yes",1.4720492,37.25
"no",0,0,53,"no","yes",1.1203605,27.7600002
"no",0,2,36,"no","no",0.778245,9.0900002
"no",1,1,32,"no","no",1.0709316,14.5
"no",0,3,51,"no","no",0.9759441,19.7000008
"no",0,0,38,"no","no",0.8379935,16.7880001
"no",2,0,33,"no","no",1.0415969,18.5200005
"no",0,0,54,"no","no",1.1201659,20.9500008
"no",0,3,38,"no","no",0.5365883,7.5739999
"no",2,2,30,"no","yes",0.8188999,10.0270004
"no",2,3,34,"no","no",1.0694989,5
"no",0,1,34,"no","yes",0.4213425,7.04
"no",0,2,50,"no","no",0.9058391,40.7999992
"no",2,0,30,"yes","yes",1.5986567,16.0499992
"no",0,2,38,"no","yes",0.8710875,33.0999985
"no",0,0,54,"yes","yes",1.3315178,33.855999
"no",1,2,30,"no","yes",0.9452254,20.5
"no",0,0,55,"no","no",0.7888429,28.6000004
"no",0,1,51,"no","no",0.8548406,18.75
"no",0,1,44,"no","no",0.9764099,20.2999992
"no",0,0,53,"no","no",0.734675,13.4200001
"no",0,2,42,"no","no",0.5254625,18.3999996
"no",0,2,38,"no","no",1.2308719,16.6819992
"no",1,3,38,"yes","no",0.9767634,32.6850014
"no",1,4,41,"no","no",1.1698513,7.0500002
"no",0,3,35,"no","no",0.5554565,10.8669996
"no",1,2,33,"no","no",0.9785493,18.2199993
"no",0,0,48,"yes","yes",1.0267509,26.6130009
"no",0,0,47,"no","no",1.1215274,25
"no",0,5,34,"no","yes",0.7929273,15.6999998
"no",2,1,33,"yes","yes",1.0503179,40.25
"no",3,1,31,"yes","yes",0.9606535,73.5999985
"no",0,0,58,"no","no",0.4444938,10.592
"no",0,0,49,"no","no",0.7757166,8
"no",0,1,55,"no","no",0.3661391,13.3999996
"no",0,0,44,"yes","no",1.0425979,23.7000008
"no",0,0,44,"no","no",0.5142181,18.8999996
"no",0,3,36,"yes","yes",1.4329879,48.2999992
"no",0,3,38,"no","yes",1.1704348,24.4699993
"no",0,3,37,"yes","yes",1.4327934,28.6299992
"no",0,0,47,"no","no",1.0955653,25.3199997
"no",0,3,47,"no","no",1.2094852,13.5299997
"no",1,1,32,"no","no",1.1927967,14.8000002
"no",1,2,43,"no","no",1.0142353,17.3999996
"no",1,4,42,"no","no",0.6311384,15.9799995
"no",0,0,56,"no","no",0.7743551,16.5760002
"no",0,5,38,"yes","yes",1.0138489,21.8500004
"no",0,2,52,"no","no",1.1889068,14.6000004
"no",0,0,50,"no","no",0.9058391,21.6000004
"no",0,0,33,"yes","yes",1.4934409,24
"no",0,2,44,"yes","yes",1.4913014,20.8829994
"no",0,1,41,"no","yes",1.2186279,19.5
"no",0,1,45,"no","no",0.8697261,42.7999992
"no",0,0,53,"yes","yes",1.0620506,41.5
"no",0,0,53,"yes","yes",1.1860113,18.9650002
"no",0,1,42,"no","no",0.8703095,16.1000004
"no",2,0,32,"yes","yes",1.2301208,14.6999998
"no",0,0,56,"no","no",1.3053159,18.7999992
"no",1,3,37,"no","no",0.7269315,14.75
"no",1,2,40,"no","yes",0.9771879,21
"no",0,3,54,"yes","yes",1.3836806,35.4000015
"no",0,0,53,"no","no",0.2062952,10.6999998
"no",0,1,48,"no","no",0.9417245,24.5
"no",1,2,36,"no","yes",0.8714765,17.0450001
"no",0,0,57,"no","yes",1.3051213,18.7999992
"no",0,0,51,"no","no",1.3194934,14
"no",0,4,33,"yes","no",0.9602645,18.2140007
"no",0,0,52,"no","no",1.2927774,20.177
"no",0,0,56,"no","no",1.0806476,8.3000002
"no",1,2,36,"no","no",0.7925383,14.1999998
"no",1,0,36,"yes","yes",1.3864363,21.7679996
"no",0,1,46,"no","no",1.1217219,29.5529995
"no",0,3,31,"no","no",0.6791221,4.3499999
"no",0,0,52,"no","no",0.7997742,24
"no",0,2,46,"no","no",1.1217219,18.2999992
"no",2,0,35,"no","yes",1.0978992,17.2000008
"no",0,0,59,"no","no",0.9819832,16.4759998
"no",0,1,36,"no","no",0.6935631,13.3999996
"no",1,3,51,"no","no",0.2066842,44.987999
"no",1,0,31,"yes","no",1.6697453,18.2000008
"no",0,2,31,"yes","yes",1.1563828,28
"no",1,1,32,"no","yes",1.0417913,11.5500002
"no",1,2,35,"yes","yes",1.4639117,28.4500008
"no",0,3,40,"no","no",1.2108465,15.0959997
"no",1,2,33,"no","no",0.6061511,8.0089998
"no",0,0,54,"no","no",0.7640087,10.04
"no",1,1,36,"no","no",0.9779658,16.7000008
"no",0,1,50,"no","no",0.8550351,8.3999996
"no",0,0,54,"no","no",0.8151277,13
"no",0,1,48,"no","no",1.0156569,17.9699993
"no",0,4,41,"yes","yes",1.331652,18.4500008
"no",0,4,50,"no","no",1.145317,31
"no",0,2,46,"no","no",0.906617,24.1350002
"no",0,1,42,"yes","yes",1.0602362,31.7000008
"no",1,2,31,"no","no",0.5734462,10.1899996
"no",0,0,53,"no","no",0.8861951,21.5739994
"no",0,1,51,"no","no",1.0947874,26.6800003
"no",0,1,47,"no","no",1.1215274,17.7000008
"no",0,1,50,"no","no",0.9058391,29.3999996
"no",0,1,37,"no","no",0.1826694,22.1590004
"no",2,2,30,"no","no",0.8180865,35
"no",0,0,49,"no","no",0.7900099,8.6300001
"no",0,2,52,"no","yes",1.0670418,17.0799999
"no",0,2,47,"no","yes",1.0081447,32.5
"no",0,0,49,"no","no",1.2271129,16
"no",0,4,44,"no","yes",1.2280854,18.8500004
"no",0,0,53,"no","no",0.6716946,17.5
"no",1,0,30,"no","yes",1.0167637,19.3920002
"no",0,2,54,"no","no",1.2706565,14.4499998
"no",1,1,47,"no","no",0.3780428,21.7999992
"no",0,0,56,"yes","no",1.4368049,7.6999998
"no",0,1,49,"no","yes",0.9531989,31.7999992
"no",0,0,48,"no","no",0.6594997,17.2579994
"no",0,1,49,"no","no",1.0130683,13.3990002
"no",0,1,56,"no","no",0.8501152,16.073
"no",0,0,46,"no","no",0.9421135,23.2600002
"no",0,2,45,"no","yes",1.1902683,37.2999992
"no",0,2,32,"no","no",0.9448364,11
"no",1,1,43,"no","no",1.2595463,13.0749998
"no",1,1,34,"no","no",0.9444474,13.6999998
"no",1,1,30,"no","no",0.7391483,25.1000004
"no",2,0,38,"yes","no",1.7576321,18.6000004
"no",1,1,33,"yes","yes",1.5167702,29
"no",0,0,52,"no","no",1.3134575,19.2369995
"no",0,3,43,"no","no",0.7257645,19.8549995
"no",1,1,33,"no","no",0.9239924,9.4499998
"no",0,0,45,"no","no",0.5651426,30
"no",2,1,36,"no","no",0.7666139,15
"no",1,1,34,"no","yes",0.908951,24.7010002
"no",0,2,37,"yes","yes",1.0651624,15.8999996
"no",0,1,46,"no","no",1.0179641,16.2399998
"no",0,0,47,"no","no",1.2937499,21.1000004
"no",2,1,31,"yes","yes",1.4016421,23
"no",0,0,57,"no","no",-0.0058346,6.3400002
"no",1,1,30,"no","yes",0.9097289,42.25
"no",0,0,30,"no","yes",0.9097289,14.6940002
"no",0,3,44,"no","no",1.0394574,21.4169998
"no",0,0,53,"yes","yes",1.143383,20.2000008
"no",0,0,51,"no","no",0.4071807,12.0900002
"no",1,3,39,"no","yes",1.1914352,24.7600002
"no",0,0,52,"no","no",0.3121657,23
"no",0,4,46,"no","no",0.3678896,19.3649998
"no",0,5,47,"no","no",1.1141275,5.5500002
"no",0,2,52,"no","no",0.3667226,68.0350037
"no",0,2,45,"no","yes",0.9762154,29.2999992
"no",0,0,60,"no","no",0.9208875,18.5
"no",0,2,41,"yes","no",1.1738135,22.5820007
"no",0,3,39,"no","no",0.4481892,21.5
"no",0,1,49,"no","no",0.8514767,28.0699997
"no",1,1,32,"yes","yes",1.1506077,50.2999992
"no",1,3,33,"no","yes",0.9785493,23.5
"no",0,4,36,"no","no",0.857758,15.5
"no",3,3,37,"yes","yes",0.994983,13.4399996
"no",1,2,30,"no","no",0.9876235,8.1000004
"no",1,1,44,"no","no",0.9904729,9.8000002
"no",0,1,48,"no","no",0.9756319,20.2999992
"no",0,4,40,"no","no",0.8376045,15
"no",0,0,47,"yes","yes",1.2515764,56.0999985
"no",0,2,36,"no","no",1.0977048,22.8460007
"no",0,2,40,"no","yes",0.8376045,22.2250004
"no",0,1,46,"no","no",0.8695315,17.6350002
"no",0,0,52,"no","no",1.2589005,18.5
"no",0,1,44,"no","no",0.8524491,13.3900003
"no",0,1,45,"no","yes",1.016539,15.1499996
"no",2,1,30,"no","no",0.4883839,16.2000008
"no",1,3,40,"no","no",0.907784,33.9199982
"no",0,1,43,"no","no",1.2664924,14
"no",0,2,49,"no","no",0.868948,16.7360001
"no",1,4,46,"no","no",0.7905933,30.6499996
"no",0,0,52,"no","no",1.1224731,12.3999996
"no",1,1,31,"no","yes",0.9095345,19.0219994
"no",1,1,42,"no","no",0.7739376,11.2030001
"no",0,3,33,"no","no",0.7277094,19.8759995
"no",0,0,57,"yes","yes",1.5163242,57
"no",0,0,49,"no","no",0.6946817,18.2900009
"no",0,1,45,"yes","yes",1.2797551,20.2199993
"no",0,0,56,"no","no",0.6829725,22.1499996
"no",1,3,41,"no","no",0.9769933,30.6229992
"no",0,0,56,"no","no",0.5522678,9.3800001
"no",0,1,48,"no","no",0.6948762,22
"no",0,2,52,"yes","yes",1.5904157,23.6749992
"no",0,0,51,"no","no",0.9750484,33.6710014
"no",0,3,35,"no","no",0.6727635,12.3669996
"no",0,0,45,"no","no",0.7362309,21.9500008
"no",0,0,54,"no","yes",1.0375125,32
"no",0,2,54,"no","yes",1.1885178,22.6100006
"no",1,0,31,"no","no",0.8549775,12.092
"no",0,3,53,"no","no",0.1006193,3.777
"no",2,2,35,"yes","yes",1.028466,36
"no",1,3,36,"no","yes",0.7379813,26.8999996
"no",0,0,59,"no","no",0.8670031,32.2420006
"no",0,0,54,"yes","yes",1.2520049,35.0200005
"no",1,1,37,"no","yes",1.1234723,37.5999985
"no",0,0,44,"no","no",1.1221108,1.5
"no",1,2,34,"yes","yes",1.3615706,96
"no",0,0,49,"no","no",0.8514767,18.1499996
"no",0,0,49,"no","no",1.2357149,15.5
"no",0,0,60,"no","no",0.4162857,14
"no",0,0,51,"no","no",1.0380961,14.7559996
"no",1,1,30,"no","yes",0.9791328,22
"no",0,2,47,"no","no",0.869337,24.4659996
"no",0,4,36,"no","yes",0.9779658,24.3999996
"no",1,3,35,"no","no",0.9087565,24
"no",0,0,58,"no","no",1.2635751,15.5
"no",1,3,41,"yes","yes",0.9483608,30.7999992
"no",0,1,51,"no","no",0.6942927,10.6599998
"no",0,0,47,"no","no",1.0669705,13.3500004
"no",1,2,45,"no","no",0.7503316,10.0900002
"no",0,0,60,"yes","yes",1.2476975,55.5999985
"no",1,1,30,"yes","yes",1.4018365,25.7000008
"no",0,0,55,"no","yes",1.12027,29
"no",1,2,32,"no","no",0.7790229,7.2859998
"no",0,2,36,"no","no",0.9234089,37.7519989
"no",0,0,55,"no","no",1.0394524,13.0719995
"no",0,0,47,"no","no",1.217461,7.0440001
"no",0,1,47,"no","no",0.8306625,18.2000008
"no",0,1,37,"no","no",0.6321109,27
"no",0,2,50,"no","yes",0.9530044,30.2999992
"no",0,3,30,"no","no",0.7794119,12
"no",0,1,48,"yes","yes",1.3429654,31.5
"no",0,2,43,"no","no",1.016928,27.0919991
"no",1,0,48,"no","no",1.159844,20.9680004
"no",1,2,41,"yes","yes",1.0431813,27
"no",0,0,50,"no","no",0.7898154,11.2250004
"no",0,0,58,"no","no",0.3109987,37.7000008
"no",0,5,38,"yes","yes",0.8978252,28.2000008
"no",0,1,37,"no","no",1.0154022,34
"no",0,0,50,"yes","yes",1.731246,63.2000008
"no",0,4,42,"no","no",0.5540951,7.5
"no",1,3,37,"no","yes",0.8064445,17.4099998
"no",0,2,41,"yes","yes",1.2545332,51
"no",0,2,31,"no","no",0.7792174,12.9160004
"no",0,0,51,"no","no",1.0073668,21.8999996
"no",1,2,36,"no","no",0.8895015,17.6399994
"no",0,0,54,"yes","yes",1.2692542,20
"no",0,0,49,"no","no",0.7900099,15
"no",1,1,48,"no","no",0.4588832,14.0600004
"no",0,2,42,"no","no",0.5358103,15.8249998
"no",1,2,41,"no","yes",1.2286689,16.5100002
"no",0,0,55,"yes","no",1.6466655,13
"no",0,0,42,"no","no",0.5532817,10
"no",0,1,32,"yes","yes",1.1506077,22
"no",0,2,43,"no","yes",1.1223054,29.7999992
"no",1,3,33,"no","yes",0.7931218,15
"no",0,1,48,"yes","yes",1.5263186,22.2999992
"no",0,2,43,"no","no",1.2282799,14.5500002
"no",1,3,47,"yes","yes",1.7558817,19.7299995
"no",0,0,54,"no","no",1.1201659,35
"no",0,1,51,"no","no",1.0073668,21.0139999
"no",0,1,51,"no","no",1.0053312,10.8760004
"no",1,1,43,"yes","yes",1.2793989,27.8500004
"no",0,0,53,"no","no",1.2513424,9.5600004
"no",1,1,34,"no","no",1.0697975,30.2999992
"no",1,1,31,"no","no",0.6473786,7.7199998
"no",0,0,56,"no","no",0.7886484,10.5500002
"no",0,1,42,"yes","yes",1.2140751,24.1060009
"no",0,2,32,"no","yes",0.9448364,22.9950008
"no",1,3,35,"no","no",0.7927328,6
"no",1,1,30,"no","yes",0.9097289,24.3500004
"no",0,0,51,"no","no",1.0270631,7.6079998
"no",0,3,47,"no","no",0.8518656,28.2000008
"no",0,1,54,"no","yes",0.7747441,16.1499996
"no",3,0,31,"yes","yes",1.2959661,51.2000008
"no",0,0,47,"no","no",0.8275221,12.6459999
"no",0,3,47,"yes","yes",1.2194966,19
"no",0,3,40,"no","no",0.8706985,19
"no",0,0,48,"no","no",0.3129436,14.3999996
"no",0,7,34,"no","no",0.7013521,7.2319999
"no",0,3,38,"no","yes",1.0098952,21.9430008
"no",1,3,32,"no","yes",0.9448364,47.5
"no",0,1,48,"yes","yes",1.4905235,28.8999996
"no",0,2,41,"no","no",1.2186279,12.3999996
"no",0,2,49,"no","no",0.2441965,6.5310001
"no",0,0,59,"no","no",0.8024642,22.4220009
"no",0,0,58,"yes","yes",1.1424105,22.2000008
"no",0,3,41,"no","yes",1.0691812,77
"no",0,2,45,"no","no",1.0684031,88
"no",1,1,30,"yes","yes",1.0665239,26.0400009
"no",0,1,41,"no","yes",1.1226944,63.5
"no",2,0,30,"no","yes",1.0443147,12.1000004
"no",0,1,53,"no","no",1.3169782,17.5049992
"no",0,0,31,"no","yes",1.1172394,18
"no",0,2,43,"yes","yes",1.0814669,28.0690002
"no",1,1,31,"no","yes",1.0112566,14
"no",0,0,51,"no","no",1.2712399,8.1169996
"no",0,0,43,"no","no",0.9425184,11.8950005
"no",1,2,31,"yes","yes",1.2533377,45.25
"no",0,0,48,"no","no",0.9022743,31.1060009
"no",1,1,31,"no","yes",1.1246393,4
"no",0,1,44,"no","no",0.9764099,40.5
"no",0,1,48,"no","yes",0.9330035,21.6200008
"no",0,1,53,"no","no",1.1447335,23.4260006
"no",0,3,42,"no","no",0.9991057,26
"no",2,6,39,"no","no",0.9773824,7.8400002
"no",1,2,32,"no","no",0.6063456,6.8000002
"no",0,2,36,"no","no",0.8895015,5.3299999
"no",0,2,40,"yes","yes",1.0828638,28.2000008
"no",2,3,31,"no","no",1.1580402,10
"no",0,0,43,"no","no",0.8881401,9.9519997
"no",0,0,60,"no","no",1.2249736,24.9839993
"no",0,3,39,"no","no",0.8532125,28.3630009
